SPAdamantina;350010;3500105;SP;Adamantina;Região Sudeste;33797;Pequeno II;;
SPAdolfo;350020;3500204;SP;Adolfo;Região Sudeste;3557;Pequeno I;;
SPAguaí;350030;3500303;SP;Aguaí;Região Sudeste;32148;Pequeno II;;
SPÁguas da Prata;350040;3500402;SP;Águas da Prata;Região Sudeste;7584;Pequeno I;;
SPÁguas de Lindóia;350050;3500501;SP;Águas de Lindóia;Região Sudeste;17266;Pequeno I;;
SPÁguas de Santa Bárbara;350055;3500550;SP;Águas de Santa Bárbara;Região Sudeste;5601;Pequeno I;;
SPÁguas de São Pedro;350060;3500600;SP;Águas de São Pedro;Região Sudeste;2707;Pequeno I;;
SPAgudos;350070;3500709;SP;Agudos;Região Sudeste;34524;Pequeno II;;
SPAlambari;350075;3500758;SP;Alambari;Região Sudeste;4884;Pequeno I;;
SPAlfredo Marcondes;350080;3500808;SP;Alfredo Marcondes;Região Sudeste;3891;Pequeno I;;
SPAltair;350090;3500907;SP;Altair;Região Sudeste;3815;Pequeno I;;
SPAltinópolis;350100;3501004;SP;Altinópolis;Região Sudeste;15607;Pequeno I;;
SPAlto Alegre;350110;3501103;SP;Alto Alegre;Região Sudeste;4102;Pequeno I;;
SPAlumínio;350115;3501152;SP;Alumínio;Região Sudeste;16839;Pequeno I;;
SPÁlvares Florence;350120;3501202;SP;Álvares Florence;Região Sudeste;3897;Pequeno I;;
SPÁlvares Machado;350130;3501301;SP;Álvares Machado;Região Sudeste;23513;Pequeno II;;
SPÁlvaro de Carvalho;350140;3501400;SP;Álvaro de Carvalho;Região Sudeste;4650;Pequeno I;;
SPAlvinlândia;350150;3501509;SP;Alvinlândia;Região Sudeste;3000;Pequeno I;;
SPAmericana;350160;3501608;SP;Americana;Região Sudeste;210638;Grande;;
SPAmérico Brasiliense;350170;3501707;SP;Américo Brasiliense;Região Sudeste;34478;Pequeno II;;
SPAmérico de Campos;350180;3501806;SP;Américo de Campos;Região Sudeste;5706;Pequeno I;;
SPAmparo;350190;3501905;SP;Amparo;Região Sudeste;65829;Médio;;
SPAnalândia;350200;3502002;SP;Analândia;Região Sudeste;4293;Pequeno I;;
SPAndradina;350210;3502101;SP;Andradina;Região Sudeste;55334;Médio;;
SPAngatuba;350220;3502200;SP;Angatuba;Região Sudeste;22210;Pequeno II;;
SPAnhembi;350230;3502309;SP;Anhembi;Região Sudeste;5653;Pequeno I;;
SPAnhumas;350240;3502408;SP;Anhumas;Região Sudeste;3738;Pequeno I;;
SPAparecida;350250;3502507;SP;Aparecida;Região Sudeste;35007;Pequeno II;;
SPAparecida D'oeste;350260;3502606;SP;Aparecida D´oeste;Região Sudeste;4450;Pequeno I;;
SPApiaí;350270;3502705;SP;Apiaí;Região Sudeste;25191;Pequeno II;;
SPAraçariguama;350275;3502754;SP;Araçariguama;Região Sudeste;17080;Pequeno I;;
SPAraçatuba;350280;3502804;SP;Araçatuba;Região Sudeste;181579;Grande;;
SPAraçoiaba da Serra;350290;3502903;SP;Araçoiaba da Serra;Região Sudeste;27299;Pequeno II;;
SPAramina;350300;3503000;SP;Aramina;Região Sudeste;5152;Pequeno I;;
SPArandu;350310;3503109;SP;Arandu;Região Sudeste;6123;Pequeno I;;
SPArapeí;350315;3503158;SP;Arapeí;Região Sudeste;2493;Pequeno I;;
SPAraraquara;350320;3503208;SP;Araraquara;Região Sudeste;208662;Grande;;
SPAraras;350330;3503307;SP;Araras;Região Sudeste;118843;Grande;;
SPArco-íris;350335;3503356;SP;Arco-íris;Região Sudeste;1925;Pequeno I;;
SPArealva;350340;3503406;SP;Arealva;Região Sudeste;7841;Pequeno I;;
SPAreias;350350;3503505;SP;Areias;Região Sudeste;3696;Pequeno I;;
SPAreiópolis;350360;3503604;SP;Areiópolis;Região Sudeste;10579;Pequeno I;;
SPAriranha;350370;3503703;SP;Ariranha;Região Sudeste;8547;Pequeno I;;
SPArtur Nogueira;350380;3503802;SP;Artur Nogueira;Região Sudeste;44177;Pequeno II;;
SPArujá;350390;3503901;SP;Arujá;Região Sudeste;74905;Médio;;
SPAspásia;350395;3503950;SP;Aspásia;Região Sudeste;1809;Pequeno I;;
SPAssis;350400;3504008;SP;Assis;Região Sudeste;95144;Médio;;
SPAtibaia;350410;3504107;SP;Atibaia;Região Sudeste;126603;Grande;;
SPAuriflama;350420;3504206;SP;Auriflama;Região Sudeste;14202;Pequeno I;;
SPAvaí;350430;3504305;SP;Avaí;Região Sudeste;4959;Pequeno I;;
SPAvanhandava;350440;3504404;SP;Avanhandava;Região Sudeste;11310;Pequeno I;;
SPAvaré;350450;3504503;SP;Avaré;Região Sudeste;82934;Médio;;
SPBady Bassitt;350460;3504602;SP;Bady Bassitt;Região Sudeste;14603;Pequeno I;;
SPBalbinos;350470;3504701;SP;Balbinos;Região Sudeste;3702;Pequeno I;;
SPBálsamo;350480;3504800;SP;Bálsamo;Região Sudeste;8160;Pequeno I;;
SPBananal;350490;3504909;SP;Bananal;Região Sudeste;10223;Pequeno I;;
SPBarão de Antonina;350500;3505005;SP;Barão de Antonina;Região Sudeste;3116;Pequeno I;;
SPBarbosa;350510;3505104;SP;Barbosa;Região Sudeste;6593;Pequeno I;;
SPBariri;350520;3505203;SP;Bariri;Região Sudeste;31593;Pequeno II;;
SPBarra Bonita;350530;3505302;SP;Barra Bonita;Região Sudeste;35246;Pequeno II;;
SPBarra do Chapéu;350535;3505351;SP;Barra do Chapéu;Região Sudeste;5244;Pequeno I;;
SPBarra do Turvo;350540;3505401;SP;Barra do Turvo;Região Sudeste;7729;Pequeno I;;
SPBarretos;350550;3505500;SP;Barretos;Região Sudeste;112101;Grande;;
SPBarrinha;350560;3505609;SP;Barrinha;Região Sudeste;28496;Pequeno II;;
SPBarueri;350570;3505708;SP;Barueri;Região Sudeste;240749;Grande;;
SPBastos;350580;3505807;SP;Bastos;Região Sudeste;20445;Pequeno II;;
SPBatatais;350590;3505906;SP;Batatais;Região Sudeste;56476;Médio;;
SPBauru;350600;3506003;SP;Bauru;Região Sudeste;343937;Grande;;
SPBebedouro;350610;3506102;SP;Bebedouro;Região Sudeste;75035;Médio;;
SPBento de Abreu;350620;3506201;SP;Bento de Abreu;Região Sudeste;2674;Pequeno I;;
SPBernardino de Campos;350630;3506300;SP;Bernardino de Campos;Região Sudeste;10775;Pequeno I;;
SPBertioga;350635;3506359;SP;Bertioga;Região Sudeste;47645;Pequeno II;;
SPBilac;350640;3506409;SP;Bilac;Região Sudeste;7048;Pequeno I;;
SPBirigui;350650;3506508;SP;Birigui;Região Sudeste;108728;Grande;;
SPBiritiba-mirim;350660;3506607;SP;Biritiba-mirim;Região Sudeste;28575;Pequeno II;;
SPBoa Esperança do Sul;350670;3506706;SP;Boa Esperança do Sul;Região Sudeste;13645;Pequeno I;;
SPBocaina;350680;3506805;SP;Bocaina;Região Sudeste;10859;Pequeno I;;
SPBofete;350690;3506904;SP;Bofete;Região Sudeste;9618;Pequeno I;;
SPBoituva;350700;3507001;SP;Boituva;Região Sudeste;48314;Pequeno II;;
SPBom Jesus Dos Perdões;350710;3507100;SP;Bom Jesus Dos Perdões;Região Sudeste;19708;Pequeno I;;
SPBom Sucesso de Itararé;350715;3507159;SP;Bom Sucesso de Itararé;Região Sudeste;3571;Pequeno I;;
SPBorá;350720;3507209;SP;Borá;Região Sudeste;805;Pequeno I;;
SPBoracéia;350730;3507308;SP;Boracéia;Região Sudeste;4268;Pequeno I;;
SPBorborema;350740;3507407;SP;Borborema;Região Sudeste;14529;Pequeno I;;
SPBorebi;350745;3507456;SP;Borebi;Região Sudeste;2293;Pequeno I;;
SPBotucatu;350750;3507506;SP;Botucatu;Região Sudeste;127328;Grande;;
SPBragança Paulista;350760;3507605;SP;Bragança Paulista;Região Sudeste;146744;Grande;;
SPBraúna;350770;3507704;SP;Braúna;Região Sudeste;5021;Pequeno I;;
SPBrejo Alegre;350775;3507753;SP;Brejo Alegre;Região Sudeste;2573;Pequeno I;;
SPBrodowski;350780;3507803;SP;Brodowski;Região Sudeste;21107;Pequeno II;;
SPBrotas;350790;3507902;SP;Brotas;Região Sudeste;21580;Pequeno II;;
SPBuri;350800;3508009;SP;Buri;Região Sudeste;18563;Pequeno I;;
SPBuritama;350810;3508108;SP;Buritama;Região Sudeste;15418;Pequeno I;;
SPBuritizal;350820;3508207;SP;Buritizal;Região Sudeste;4053;Pequeno I;;
SPCabrália Paulista;350830;3508306;SP;Cabrália Paulista;Região Sudeste;4365;Pequeno I;;
SPCabreúva;350840;3508405;SP;Cabreúva;Região Sudeste;41604;Pequeno II;;
SPCaçapava;350850;3508504;SP;Caçapava;Região Sudeste;84752;Médio;;
SPCachoeira Paulista;350860;3508603;SP;Cachoeira Paulista;Região Sudeste;30091;Pequeno II;;
SPCaconde;350870;3508702;SP;Caconde;Região Sudeste;18538;Pequeno I;;
SPCafelândia;350880;3508801;SP;Cafelândia;Região Sudeste;16607;Pequeno I;;
SPCaiabu;350890;3508900;SP;Caiabu;Região Sudeste;4072;Pequeno I;;
SPCaieiras;350900;3509007;SP;Caieiras;Região Sudeste;86529;Médio;;
SPCaiuá;350910;3509106;SP;Caiuá;Região Sudeste;5039;Pequeno I;;
SPCajamar;350920;3509205;SP;Cajamar;Região Sudeste;64114;Médio;;
SPCajati;350925;3509254;SP;Cajati;Região Sudeste;28372;Pequeno II;;
SPCajobi;350930;3509304;SP;Cajobi;Região Sudeste;9768;Pequeno I;;
SPCajuru;350940;3509403;SP;Cajuru;Região Sudeste;23371;Pequeno II;;
SPCampina do Monte Alegre;350945;3509452;SP;Campina do Monte Alegre;Região Sudeste;5567;Pequeno I;;
SPCampinas;350950;3509502;SP;Campinas;Região Sudeste;1080113;Metrópole;;
SPCampo Limpo Paulista;350960;3509601;SP;Campo Limpo Paulista;Região Sudeste;74074;Médio;;
SPCampos do Jordão;350970;3509700;SP;Campos do Jordão;Região Sudeste;47789;Pequeno II;;
SPCampos Novos Paulista;350980;3509809;SP;Campos Novos Paulista;Região Sudeste;4539;Pequeno I;;
SPCananéia;350990;3509908;SP;Cananéia;Região Sudeste;12226;Pequeno I;;
SPCanas;350995;3509957;SP;Canas;Região Sudeste;4385;Pequeno I;;
SPCândido Mota;351000;3510005;SP;Cândido Mota;Região Sudeste;29884;Pequeno II;;
SPCândido Rodrigues;351010;3510104;SP;Cândido Rodrigues;Região Sudeste;2668;Pequeno I;;
SPCanitar;351015;3510153;SP;Canitar;Região Sudeste;4369;Pequeno I;;
SPCapão Bonito;351020;3510203;SP;Capão Bonito;Região Sudeste;46178;Pequeno II;;
SPCapela do Alto;351030;3510302;SP;Capela do Alto;Região Sudeste;17532;Pequeno I;;
SPCapivari;351040;3510401;SP;Capivari;Região Sudeste;48576;Pequeno II;;
SPCaraguatatuba;351050;3510500;SP;Caraguatatuba;Região Sudeste;100840;Grande;;
SPCarapicuíba;351060;3510609;SP;Carapicuíba;Região Sudeste;369584;Grande;;
SPCardoso;351070;3510708;SP;Cardoso;Região Sudeste;11805;Pequeno I;;
SPCasa Branca;351080;3510807;SP;Casa Branca;Região Sudeste;28307;Pequeno II;;
SPCássia Dos Coqueiros;351090;3510906;SP;Cássia Dos Coqueiros;Região Sudeste;2634;Pequeno I;;
SPCastilho;351100;3511003;SP;Castilho;Região Sudeste;18003;Pequeno I;;
SPCatanduva;351110;3511102;SP;Catanduva;Região Sudeste;112820;Grande;;
SPCatiguá;351120;3511201;SP;Catiguá;Região Sudeste;7127;Pequeno I;;
SPCedral;351130;3511300;SP;Cedral;Região Sudeste;7972;Pequeno I;;
SPCerqueira César;351140;3511409;SP;Cerqueira César;Região Sudeste;17532;Pequeno I;;
SPCerquilho;351150;3511508;SP;Cerquilho;Região Sudeste;39617;Pequeno II;;
SPCesário Lange;351160;3511607;SP;Cesário Lange;Região Sudeste;15540;Pequeno I;;
SPCharqueada;351170;3511706;SP;Charqueada;Região Sudeste;15085;Pequeno I;;
SPClementina;351190;3511904;SP;Clementina;Região Sudeste;7065;Pequeno I;;
SPColina;351200;3512001;SP;Colina;Região Sudeste;17371;Pequeno I;;
SPColômbia;351210;3512100;SP;Colômbia;Região Sudeste;5994;Pequeno I;;
SPConchal;351220;3512209;SP;Conchal;Região Sudeste;25229;Pequeno II;;
SPConchas;351230;3512308;SP;Conchas;Região Sudeste;16288;Pequeno I;;
SPCordeirópolis;351240;3512407;SP;Cordeirópolis;Região Sudeste;21080;Pequeno II;;
SPCoroados;351250;3512506;SP;Coroados;Região Sudeste;5238;Pequeno I;;
SPCoronel Macedo;351260;3512605;SP;Coronel Macedo;Região Sudeste;5001;Pequeno I;;
SPCorumbataí;351270;3512704;SP;Corumbataí;Região Sudeste;3874;Pequeno I;;
SPCosmópolis;351280;3512803;SP;Cosmópolis;Região Sudeste;58827;Médio;;
SPCosmorama;351290;3512902;SP;Cosmorama;Região Sudeste;7214;Pequeno I;;
SPCotia;351300;3513009;SP;Cotia;Região Sudeste;201150;Grande;;
SPCravinhos;351310;3513108;SP;Cravinhos;Região Sudeste;31691;Pequeno II;;
SPCristais Paulista;351320;3513207;SP;Cristais Paulista;Região Sudeste;7588;Pequeno I;;
SPCruzália;351330;3513306;SP;Cruzália;Região Sudeste;2274;Pequeno I;;
SPCruzeiro;351340;3513405;SP;Cruzeiro;Região Sudeste;77039;Médio;;
SPCubatão;351350;3513504;SP;Cubatão;Região Sudeste;118720;Grande;;
SPCunha;351360;3513603;SP;Cunha;Região Sudeste;21866;Pequeno II;;
SPDescalvado;351370;3513702;SP;Descalvado;Região Sudeste;31056;Pequeno II;;
SPDiadema;351380;3513801;SP;Diadema;Região Sudeste;386089;Grande;;
SPDirce Reis;351385;3513850;SP;Dirce Reis;Região Sudeste;1689;Pequeno I;;
SPDivinolândia;351390;3513900;SP;Divinolândia;Região Sudeste;11208;Pequeno I;;
SPDobrada;351400;3514007;SP;Dobrada;Região Sudeste;7939;Pequeno I;;
SPDois Córregos;351410;3514106;SP;Dois Córregos;Região Sudeste;24761;Pequeno II;;
SPDolcinópolis;351420;3514205;SP;Dolcinópolis;Região Sudeste;2096;Pequeno I;;
SPDourado;351430;3514304;SP;Dourado;Região Sudeste;8609;Pequeno I;;
SPDracena;351440;3514403;SP;Dracena;Região Sudeste;43258;Pequeno II;;
SPDuartina;351450;3514502;SP;Duartina;Região Sudeste;12251;Pequeno I;;
SPDumont;351460;3514601;SP;Dumont;Região Sudeste;8143;Pequeno I;;
SPEchaporã;351470;3514700;SP;Echaporã;Região Sudeste;6318;Pequeno I;;
SPEldorado;351480;3514809;SP;Eldorado;Região Sudeste;14641;Pequeno I;;
SPElias Fausto;351490;3514908;SP;Elias Fausto;Região Sudeste;15775;Pequeno I;;
SPElisiário;351492;3514924;SP;Elisiário;Região Sudeste;3120;Pequeno I;;
SPEmbaúba;351495;3514957;SP;Embaúba;Região Sudeste;2423;Pequeno I;;
SPEmbu;351500;3515004;SP;Embu;Região Sudeste;240230;Grande;;
SPEmbu-guaçu;351510;3515103;SP;Embu-guaçu;Região Sudeste;62769;Médio;;
SPEmilianópolis;351512;3515129;SP;Emilianópolis;Região Sudeste;3020;Pequeno I;;
SPEngenheiro Coelho;351515;3515152;SP;Engenheiro Coelho;Região Sudeste;15721;Pequeno I;;
SPEspírito Santo do Pinhal;351518;3515186;SP;Espírito Santo do Pinhal;Região Sudeste;41907;Pequeno II;;
SPEspírito Santo do Turvo;351519;3515194;SP;Espírito Santo do Turvo;Região Sudeste;4244;Pequeno I;;
SPEstrela D'oeste;351520;3515202;SP;Estrela D´oeste;Região Sudeste;8208;Pequeno I;;
SPEstrela do Norte;351530;3515301;SP;Estrela do Norte;Região Sudeste;2658;Pequeno I;;
SPEuclides da Cunha Paulista;351535;3515350;SP;Euclides da Cunha Paulista;Região Sudeste;9585;Pequeno I;;
SPFartura;351540;3515400;SP;Fartura;Região Sudeste;15320;Pequeno I;;
SPFernandópolis;351550;3515509;SP;Fernandópolis;Região Sudeste;64696;Médio;;
SPFernando Prestes;351560;3515608;SP;Fernando Prestes;Região Sudeste;5534;Pequeno I;;
SPFernão;351565;3515657;SP;Fernão;Região Sudeste;1563;Pequeno I;;
SPFerraz de Vasconcelos;351570;3515707;SP;Ferraz de Vasconcelos;Região Sudeste;168306;Grande;;
SPFlora Rica;351580;3515806;SP;Flora Rica;Região Sudeste;1752;Pequeno I;;
SPFloreal;351590;3515905;SP;Floreal;Região Sudeste;3003;Pequeno I;;
SPFlórida Paulista;351600;3516002;SP;Flórida Paulista;Região Sudeste;12848;Pequeno I;;
SPFlorínia;351610;3516101;SP;Florínia;Região Sudeste;2829;Pequeno I;;
SPFranca;351620;3516200;SP;Franca;Região Sudeste;318640;Grande;;
SPFrancisco Morato;351630;3516309;SP;Francisco Morato;Região Sudeste;154472;Grande;;
SPFranco da Rocha;351640;3516408;SP;Franco da Rocha;Região Sudeste;131604;Grande;;
SPGabriel Monteiro;351650;3516507;SP;Gabriel Monteiro;Região Sudeste;2708;Pequeno I;;
SPGália;351660;3516606;SP;Gália;Região Sudeste;7011;Pequeno I;;
SPGarça;351670;3516705;SP;Garça;Região Sudeste;43115;Pequeno II;;
SPGastão Vidigal;351680;3516804;SP;Gastão Vidigal;Região Sudeste;4193;Pequeno I;;
SPGavião Peixoto;351685;3516853;SP;Gavião Peixoto;Região Sudeste;4419;Pequeno I;;
SPGeneral Salgado;351690;3516903;SP;General Salgado;Região Sudeste;10669;Pequeno I;;
SPGetulina;351700;3517000;SP;Getulina;Região Sudeste;10765;Pequeno I;;
SPGlicério;351710;3517109;SP;Glicério;Região Sudeste;4565;Pequeno I;;
SPGuaiçara;351720;3517208;SP;Guaiçara;Região Sudeste;10670;Pequeno I;;
SPGuaimbê;351730;3517307;SP;Guaimbê;Região Sudeste;5425;Pequeno I;;
SPGuaíra;351740;3517406;SP;Guaíra;Região Sudeste;37404;Pequeno II;;
SPGuapiaçu;351750;3517505;SP;Guapiaçu;Região Sudeste;17869;Pequeno I;;
SPGuapiara;351760;3517604;SP;Guapiara;Região Sudeste;17998;Pequeno I;;
SPGuará;351770;3517703;SP;Guará;Região Sudeste;19858;Pequeno I;;
SPGuaraçaí;351780;3517802;SP;Guaraçaí;Região Sudeste;8435;Pequeno I;;
SPGuaraci;351790;3517901;SP;Guaraci;Região Sudeste;9976;Pequeno I;;
SPGuarani D'oeste;351800;3518008;SP;Guarani D´oeste;Região Sudeste;1970;Pequeno I;;
SPGuarantã;351810;3518107;SP;Guarantã;Região Sudeste;6404;Pequeno I;;
SPGuararapes;351820;3518206;SP;Guararapes;Região Sudeste;30597;Pequeno II;;
SPGuararema;351830;3518305;SP;Guararema;Região Sudeste;25844;Pequeno II;;
SPGuaratinguetá;351840;3518404;SP;Guaratinguetá;Região Sudeste;112072;Grande;;
SPGuareí;351850;3518503;SP;Guareí;Região Sudeste;14565;Pequeno I;;
SPGuariba;351860;3518602;SP;Guariba;Região Sudeste;35486;Pequeno II;;
SPGuarujá;351870;3518701;SP;Guarujá;Região Sudeste;290752;Grande;;
SPGuarulhos;351880;3518800;SP;Guarulhos;Região Sudeste;1221979;Metrópole;;
SPGuatapará;351885;3518859;SP;Guatapará;Região Sudeste;6966;Pequeno I;;
SPGuzolândia;351890;3518909;SP;Guzolândia;Região Sudeste;4754;Pequeno I;;
SPHerculândia;351900;3519006;SP;Herculândia;Região Sudeste;8696;Pequeno I;;
SPHolambra;351905;3519055;SP;Holambra;Região Sudeste;11299;Pequeno I;;
SPHortolândia;351907;3519071;SP;Hortolândia;Região Sudeste;192692;Grande;;
SPIacanga;351910;3519105;SP;Iacanga;Região Sudeste;10013;Pequeno I;;
SPIacri;351920;3519204;SP;Iacri;Região Sudeste;6419;Pequeno I;;
SPIaras;351925;3519253;SP;Iaras;Região Sudeste;6376;Pequeno I;;
SPIbaté;351930;3519303;SP;Ibaté;Região Sudeste;30734;Pequeno II;;
SPIbirá;351940;3519402;SP;Ibirá;Região Sudeste;10896;Pequeno I;;
SPIbirarema;351950;3519501;SP;Ibirarema;Região Sudeste;6725;Pequeno I;;
SPIbitinga;351960;3519600;SP;Ibitinga;Região Sudeste;53158;Médio;;
SPIbiúna;351970;3519709;SP;Ibiúna;Região Sudeste;71217;Médio;;
SPIcém;351980;3519808;SP;Icém;Região Sudeste;7462;Pequeno I;;
SPIepê;351990;3519907;SP;Iepê;Região Sudeste;7628;Pequeno I;;
SPIgaraçu do Tietê;352000;3520004;SP;Igaraçu do Tietê;Região Sudeste;23362;Pequeno II;;
SPIgarapava;352010;3520103;SP;Igarapava;Região Sudeste;27952;Pequeno II;;
SPIgaratá;352020;3520202;SP;Igaratá;Região Sudeste;8831;Pequeno I;;
SPIguape;352030;3520301;SP;Iguape;Região Sudeste;28841;Pequeno II;;
SPIlhabela;352040;3520400;SP;Ilhabela;Região Sudeste;28196;Pequeno II;;
SPIlha Comprida;352042;3520426;SP;Ilha Comprida;Região Sudeste;9025;Pequeno I;;
SPIlha Solteira;352044;3520442;SP;Ilha Solteira;Região Sudeste;25064;Pequeno II;;
SPIndaiatuba;352050;3520509;SP;Indaiatuba;Região Sudeste;201619;Grande;;
SPIndiana;352060;3520608;SP;Indiana;Região Sudeste;4825;Pequeno I;;
SPIndiaporã;352070;3520707;SP;Indiaporã;Região Sudeste;3903;Pequeno I;;
SPInúbia Paulista;352080;3520806;SP;Inúbia Paulista;Região Sudeste;3630;Pequeno I;;
SPIpaussu;352090;3520905;SP;Ipaussu;Região Sudeste;13663;Pequeno I;;
SPIperó;352100;3521002;SP;Iperó;Região Sudeste;28300;Pequeno II;;
SPIpeúna;352110;3521101;SP;Ipeúna;Região Sudeste;6016;Pequeno I;;
SPIpiguá;352115;3521150;SP;Ipiguá;Região Sudeste;4463;Pequeno I;;
SPIporanga;352120;3521200;SP;Iporanga;Região Sudeste;4299;Pequeno I;;
SPIpuã;352130;3521309;SP;Ipuã;Região Sudeste;14148;Pequeno I;;
SPIracemápolis;352140;3521408;SP;Iracemápolis;Região Sudeste;20029;Pequeno II;;
SPIrapuã;352150;3521507;SP;Irapuã;Região Sudeste;7275;Pequeno I;;
SPIrapuru;352160;3521606;SP;Irapuru;Região Sudeste;7789;Pequeno I;;
SPItaberá;352170;3521705;SP;Itaberá;Região Sudeste;17858;Pequeno I;;
SPItaí;352180;3521804;SP;Itaí;Região Sudeste;24008;Pequeno II;;
SPItajobi;352190;3521903;SP;Itajobi;Região Sudeste;14556;Pequeno I;;
SPItaju;352200;3522000;SP;Itaju;Região Sudeste;3246;Pequeno I;;
SPItanhaém;352210;3522109;SP;Itanhaém;Região Sudeste;87057;Médio;;
SPItaóca;352215;3522158;SP;Itaóca;Região Sudeste;3228;Pequeno I;;
SPItapecerica da Serra;352220;3522208;SP;Itapecerica da Serra;Região Sudeste;152614;Grande;;
SPItapetininga;352230;3522307;SP;Itapetininga;Região Sudeste;144377;Grande;;
SPItapeva;352240;3522406;SP;Itapeva;Região Sudeste;87753;Médio;;
SPItapevi;352250;3522505;SP;Itapevi;Região Sudeste;200769;Grande;;
SPItapira;352260;3522604;SP;Itapira;Região Sudeste;68537;Médio;;
SPItapirapuã Paulista;352265;3522653;SP;Itapirapuã Paulista;Região Sudeste;3880;Pequeno I;;
SPItápolis;352270;3522703;SP;Itápolis;Região Sudeste;40051;Pequeno II;;
SPItaporanga;352280;3522802;SP;Itaporanga;Região Sudeste;14549;Pequeno I;;
SPItapuí;352290;3522901;SP;Itapuí;Região Sudeste;12173;Pequeno I;;
SPItapura;352300;3523008;SP;Itapura;Região Sudeste;4357;Pequeno I;;
SPItaquaquecetuba;352310;3523107;SP;Itaquaquecetuba;Região Sudeste;321770;Grande;;
SPItararé;352320;3523206;SP;Itararé;Região Sudeste;47934;Pequeno II;;
SPItariri;352330;3523305;SP;Itariri;Região Sudeste;15471;Pequeno I;;
SPItatiba;352340;3523404;SP;Itatiba;Região Sudeste;101471;Grande;;
SPItatinga;352350;3523503;SP;Itatinga;Região Sudeste;18052;Pequeno I;;
SPItirapina;352360;3523602;SP;Itirapina;Região Sudeste;15524;Pequeno I;;
SPItirapuã;352370;3523701;SP;Itirapuã;Região Sudeste;5914;Pequeno I;;
SPItobi;352380;3523800;SP;Itobi;Região Sudeste;7546;Pequeno I;;
SPItu;352390;3523909;SP;Itu;Região Sudeste;154147;Grande;;
SPItupeva;352400;3524006;SP;Itupeva;Região Sudeste;44859;Pequeno II;;
SPItuverava;352410;3524105;SP;Ituverava;Região Sudeste;38695;Pequeno II;;
SPJaborandi;352420;3524204;SP;Jaborandi;Região Sudeste;6592;Pequeno I;;
SPJaboticabal;352430;3524303;SP;Jaboticabal;Região Sudeste;71662;Médio;;
SPJacareí;352440;3524402;SP;Jacareí;Região Sudeste;211214;Grande;;
SPJaci;352450;3524501;SP;Jaci;Região Sudeste;5657;Pequeno I;;
SPJacupiranga;352460;3524600;SP;Jacupiranga;Região Sudeste;17208;Pequeno I;;
SPJaguariúna;352470;3524709;SP;Jaguariúna;Região Sudeste;44311;Pequeno II;;
SPJales;352480;3524808;SP;Jales;Região Sudeste;47012;Pequeno II;;
SPJambeiro;352490;3524907;SP;Jambeiro;Região Sudeste;5349;Pequeno I;;
SPJandira;352500;3525003;SP;Jandira;Região Sudeste;108344;Grande;;
SPJardinópolis;352510;3525102;SP;Jardinópolis;Região Sudeste;37661;Pequeno II;;
SPJarinu;352520;3525201;SP;Jarinu;Região Sudeste;23847;Pequeno II;;
SPJaú;352530;3525300;SP;Jaú;Região Sudeste;131040;Grande;;
SPJeriquara;352540;3525409;SP;Jeriquara;Região Sudeste;3160;Pequeno I;;
SPJoanópolis;352550;3525508;SP;Joanópolis;Região Sudeste;11768;Pequeno I;;
SPJoão Ramalho;352560;3525607;SP;João Ramalho;Região Sudeste;4150;Pequeno I;;
SPJosé Bonifácio;352570;3525706;SP;José Bonifácio;Região Sudeste;32763;Pequeno II;;
SPJúlio Mesquita;352580;3525805;SP;Júlio Mesquita;Região Sudeste;4430;Pequeno I;;
SPJumirim;352585;3525854;SP;Jumirim;Região Sudeste;2798;Pequeno I;;
SPJundiaí;352590;3525904;SP;Jundiaí;Região Sudeste;370126;Grande;;
SPJunqueirópolis;352600;3526001;SP;Junqueirópolis;Região Sudeste;18726;Pequeno I;;
SPJuquiá;352610;3526100;SP;Juquiá;Região Sudeste;19246;Pequeno I;;
SPJuquitiba;352620;3526209;SP;Juquitiba;Região Sudeste;28737;Pequeno II;;
SPLagoinha;352630;3526308;SP;Lagoinha;Região Sudeste;4841;Pequeno I;;
SPLaranjal Paulista;352640;3526407;SP;Laranjal Paulista;Região Sudeste;25251;Pequeno II;;
SPLavínia;352650;3526506;SP;Lavínia;Região Sudeste;8779;Pequeno I;;
SPLavrinhas;352660;3526605;SP;Lavrinhas;Região Sudeste;6590;Pequeno I;;
SPLeme;352670;3526704;SP;Leme;Região Sudeste;91756;Médio;;
SPLençóis Paulista;352680;3526803;SP;Lençóis Paulista;Região Sudeste;61428;Médio;;
SPLimeira;352690;3526902;SP;Limeira;Região Sudeste;276022;Grande;;
SPLindóia;352700;3527009;SP;Lindóia;Região Sudeste;6712;Pequeno I;;
SPLins;352710;3527108;SP;Lins;Região Sudeste;71432;Médio;;
SPLorena;352720;3527207;SP;Lorena;Região Sudeste;82537;Médio;;
SPLourdes;352725;3527256;SP;Lourdes;Região Sudeste;2128;Pequeno I;;
SPLouveira;352730;3527306;SP;Louveira;Região Sudeste;37125;Pequeno II;;
SPLucélia;352740;3527405;SP;Lucélia;Região Sudeste;19882;Pequeno I;;
SPLucianópolis;352750;3527504;SP;Lucianópolis;Região Sudeste;2249;Pequeno I;;
SPLuís Antônio;352760;3527603;SP;Luís Antônio;Região Sudeste;11286;Pequeno I;;
SPLuiziânia;352770;3527702;SP;Luiziânia;Região Sudeste;5030;Pequeno I;;
SPLupércio;352780;3527801;SP;Lupércio;Região Sudeste;4353;Pequeno I;;
SPLutécia;352790;3527900;SP;Lutécia;Região Sudeste;2714;Pequeno I;;
SPMacatuba;352800;3528007;SP;Macatuba;Região Sudeste;16259;Pequeno I;;
SPMacaubal;352810;3528106;SP;Macaubal;Região Sudeste;7663;Pequeno I;;
SPMacedônia;352820;3528205;SP;Macedônia;Região Sudeste;3664;Pequeno I;;
SPMagda;352830;3528304;SP;Magda;Região Sudeste;3200;Pequeno I;;
SPMairinque;352840;3528403;SP;Mairinque;Região Sudeste;43223;Pequeno II;;
SPMairiporã;352850;3528502;SP;Mairiporã;Região Sudeste;80956;Médio;;
SPManduri;352860;3528601;SP;Manduri;Região Sudeste;8992;Pequeno I;;
SPMarabá Paulista;352870;3528700;SP;Marabá Paulista;Região Sudeste;4812;Pequeno I;;
SPMaracaí;352880;3528809;SP;Maracaí;Região Sudeste;13332;Pequeno I;;
SPMarapoama;352885;3528858;SP;Marapoama;Região Sudeste;2633;Pequeno I;;
SPMariápolis;352890;3528908;SP;Mariápolis;Região Sudeste;3916;Pequeno I;;
SPMarília;352900;3529005;SP;Marília;Região Sudeste;216745;Grande;;
SPMarinópolis;352910;3529104;SP;Marinópolis;Região Sudeste;2113;Pequeno I;;
SPMartinópolis;352920;3529203;SP;Martinópolis;Região Sudeste;24219;Pequeno II;;
SPMatão;352930;3529302;SP;Matão;Região Sudeste;76786;Médio;;
SPMauá;352940;3529401;SP;Mauá;Região Sudeste;417064;Grande;;
SPMendonça;352950;3529500;SP;Mendonça;Região Sudeste;4640;Pequeno I;;
SPMeridiano;352960;3529609;SP;Meridiano;Região Sudeste;3855;Pequeno I;;
SPMesópolis;352965;3529658;SP;Mesópolis;Região Sudeste;1886;Pequeno I;;
SPMiguelópolis;352970;3529708;SP;Miguelópolis;Região Sudeste;20451;Pequeno II;;
SPMineiros do Tietê;352980;3529807;SP;Mineiros do Tietê;Região Sudeste;12038;Pequeno I;;
SPMiracatu;352990;3529906;SP;Miracatu;Região Sudeste;20592;Pequeno II;;
SPMira Estrela;353000;3530003;SP;Mira Estrela;Região Sudeste;2820;Pequeno I;;
SPMirandópolis;353010;3530102;SP;Mirandópolis;Região Sudeste;27483;Pequeno II;;
SPMirante do Paranapanema;353020;3530201;SP;Mirante do Paranapanema;Região Sudeste;17059;Pequeno I;;
SPMirassol;353030;3530300;SP;Mirassol;Região Sudeste;53792;Médio;;
SPMirassolândia;353040;3530409;SP;Mirassolândia;Região Sudeste;4295;Pequeno I;;
SPMococa;353050;3530508;SP;Mococa;Região Sudeste;66290;Médio;;
SPMoji Das Cruzes;353060;3530607;SP;Moji Das Cruzes;Região Sudeste;387779;Grande;;
SPMogi Guaçu;353070;3530706;SP;Mogi Guaçu;Região Sudeste;137245;Grande;;
SPMoji-mirim;353080;3530805;SP;Moji-mirim;Região Sudeste;86505;Médio;;
SPMombuca;353090;3530904;SP;Mombuca;Região Sudeste;3266;Pequeno I;;
SPMonções;353100;3531001;SP;Monções;Região Sudeste;2132;Pequeno I;;
SPMongaguá;353110;3531100;SP;Mongaguá;Região Sudeste;46293;Pequeno II;;
SPMonte Alegre do Sul;353120;3531209;SP;Monte Alegre do Sul;Região Sudeste;7152;Pequeno I;;
SPMonte Alto;353130;3531308;SP;Monte Alto;Região Sudeste;46642;Pequeno II;;
SPMonte Aprazível;353140;3531407;SP;Monte Aprazível;Região Sudeste;21746;Pequeno II;;
SPMonte Azul Paulista;353150;3531506;SP;Monte Azul Paulista;Região Sudeste;18931;Pequeno I;;
SPMonte Castelo;353160;3531605;SP;Monte Castelo;Região Sudeste;4063;Pequeno I;;
SPMonteiro Lobato;353170;3531704;SP;Monteiro Lobato;Região Sudeste;4120;Pequeno I;;
SPMonte Mor;353180;3531803;SP;Monte Mor;Região Sudeste;48949;Pequeno II;;
SPMorro Agudo;353190;3531902;SP;Morro Agudo;Região Sudeste;29116;Pequeno II;;
SPMorungaba;353200;3532009;SP;Morungaba;Região Sudeste;11769;Pequeno I;;
SPMotuca;353205;3532058;SP;Motuca;Região Sudeste;4290;Pequeno I;;
SPMurutinga do Sul;353210;3532108;SP;Murutinga do Sul;Região Sudeste;4186;Pequeno I;;
SPNantes;353215;3532157;SP;Nantes;Região Sudeste;2707;Pequeno I;;
SPNarandiba;353220;3532207;SP;Narandiba;Região Sudeste;4288;Pequeno I;;
SPNatividade da Serra;353230;3532306;SP;Natividade da Serra;Região Sudeste;6678;Pequeno I;;
SPNazaré Paulista;353240;3532405;SP;Nazaré Paulista;Região Sudeste;16414;Pequeno I;;
SPNeves Paulista;353250;3532504;SP;Neves Paulista;Região Sudeste;8772;Pequeno I;;
SPNhandeara;353260;3532603;SP;Nhandeara;Região Sudeste;10725;Pequeno I;;
SPNipoã;353270;3532702;SP;Nipoã;Região Sudeste;4274;Pequeno I;;
SPNova Aliança;353280;3532801;SP;Nova Aliança;Região Sudeste;5891;Pequeno I;;
SPNova Campina;353282;3532827;SP;Nova Campina;Região Sudeste;8515;Pequeno I;;
SPNova Canaã Paulista;353284;3532843;SP;Nova Canaã Paulista;Região Sudeste;2114;Pequeno I;;
SPNova Castilho;353286;3532868;SP;Nova Castilho;Região Sudeste;1125;Pequeno I;;
SPNova Europa;353290;3532900;SP;Nova Europa;Região Sudeste;9300;Pequeno I;;
SPNova Granada;353300;3533007;SP;Nova Granada;Região Sudeste;19180;Pequeno I;;
SPNova Guataporanga;353310;3533106;SP;Nova Guataporanga;Região Sudeste;2177;Pequeno I;;
SPNova Independência;353320;3533205;SP;Nova Independência;Região Sudeste;3068;Pequeno I;;
SPNovais;353325;3533254;SP;Novais;Região Sudeste;4592;Pequeno I;;
SPNova Luzitânia;353330;3533304;SP;Nova Luzitânia;Região Sudeste;3441;Pequeno I;;
SPNova Odessa;353340;3533403;SP;Nova Odessa;Região Sudeste;51242;Médio;;
SPNovo Horizonte;353350;3533502;SP;Novo Horizonte;Região Sudeste;36593;Pequeno II;;
SPNuporanga;353360;3533601;SP;Nuporanga;Região Sudeste;6817;Pequeno I;;
SPOcauçu;353370;3533700;SP;Ocauçu;Região Sudeste;4163;Pequeno I;;
SPÓleo;353380;3533809;SP;Óleo;Região Sudeste;2673;Pequeno I;;
SPOlímpia;353390;3533908;SP;Olímpia;Região Sudeste;50024;Médio;;
SPOnda Verde;353400;3534005;SP;Onda Verde;Região Sudeste;3884;Pequeno I;;
SPOriente;353410;3534104;SP;Oriente;Região Sudeste;6097;Pequeno I;;
SPOrindiúva;353420;3534203;SP;Orindiúva;Região Sudeste;5675;Pequeno I;;
SPOrlândia;353430;3534302;SP;Orlândia;Região Sudeste;39781;Pequeno II;;
SPOsasco;353440;3534401;SP;Osasco;Região Sudeste;666740;Grande;;
SPOscar Bressane;353450;3534500;SP;Oscar Bressane;Região Sudeste;2537;Pequeno I;;
SPOsvaldo Cruz;353460;3534609;SP;Osvaldo Cruz;Região Sudeste;30917;Pequeno II;;
SPOurinhos;353470;3534708;SP;Ourinhos;Região Sudeste;103035;Grande;;
SPOuroeste;353475;3534757;SP;Ouroeste;Região Sudeste;8405;Pequeno I;;
SPOuro Verde;353480;3534807;SP;Ouro Verde;Região Sudeste;7800;Pequeno I;;
SPPacaembu;353490;3534906;SP;Pacaembu;Região Sudeste;13226;Pequeno I;;
SPPalestina;353500;3535002;SP;Palestina;Região Sudeste;11051;Pequeno I;;
SPPalmares Paulista;353510;3535101;SP;Palmares Paulista;Região Sudeste;10934;Pequeno I;;
SPPalmeira D'oeste;353520;3535200;SP;Palmeira D´oeste;Região Sudeste;9584;Pequeno I;;
SPPalmital;353530;3535309;SP;Palmital;Região Sudeste;21186;Pequeno II;;
SPPanorama;353540;3535408;SP;Panorama;Região Sudeste;14583;Pequeno I;;
SPParaguaçu Paulista;353550;3535507;SP;Paraguaçu Paulista;Região Sudeste;42278;Pequeno II;;
SPParaibuna;353560;3535606;SP;Paraibuna;Região Sudeste;17388;Pequeno I;;
SPParaíso;353570;3535705;SP;Paraíso;Região Sudeste;5898;Pequeno I;;
SPParanapanema;353580;3535804;SP;Paranapanema;Região Sudeste;17808;Pequeno I;;
SPParanapuã;353590;3535903;SP;Paranapuã;Região Sudeste;3815;Pequeno I;;
SPParapuã;353600;3536000;SP;Parapuã;Região Sudeste;10844;Pequeno I;;
SPPardinho;353610;3536109;SP;Pardinho;Região Sudeste;5582;Pequeno I;;
SPPariquera-açu;353620;3536208;SP;Pariquera-açu;Região Sudeste;18446;Pequeno I;;
SPParisi;353625;3536257;SP;Parisi;Região Sudeste;2032;Pequeno I;;
SPPatrocínio Paulista;353630;3536307;SP;Patrocínio Paulista;Região Sudeste;13000;Pequeno I;;
SPPaulicéia;353640;3536406;SP;Paulicéia;Região Sudeste;6339;Pequeno I;;
SPPaulínia;353650;3536505;SP;Paulínia;Região Sudeste;82146;Médio;;
SPPaulistânia;353657;3536570;SP;Paulistânia;Região Sudeste;1779;Pequeno I;;
SPPaulo de Faria;353660;3536604;SP;Paulo de Faria;Região Sudeste;8589;Pequeno I;;
SPPederneiras;353670;3536703;SP;Pederneiras;Região Sudeste;41497;Pequeno II;;
SPPedra Bela;353680;3536802;SP;Pedra Bela;Região Sudeste;5780;Pequeno I;;
SPPedranópolis;353690;3536901;SP;Pedranópolis;Região Sudeste;2558;Pequeno I;;
SPPedregulho;353700;3537008;SP;Pedregulho;Região Sudeste;15700;Pequeno I;;
SPPedreira;353710;3537107;SP;Pedreira;Região Sudeste;41558;Pequeno II;;
SPPedrinhas Paulista;353715;3537156;SP;Pedrinhas Paulista;Região Sudeste;2940;Pequeno I;;
SPPedro de Toledo;353720;3537206;SP;Pedro de Toledo;Região Sudeste;10204;Pequeno I;;
SPPenápolis;353730;3537305;SP;Penápolis;Região Sudeste;58510;Médio;;
SPPereira Barreto;353740;3537404;SP;Pereira Barreto;Região Sudeste;24962;Pequeno II;;
SPPereiras;353750;3537503;SP;Pereiras;Região Sudeste;7454;Pequeno I;;
SPPeruíbe;353760;3537602;SP;Peruíbe;Região Sudeste;59773;Médio;;
SPPiacatu;353770;3537701;SP;Piacatu;Região Sudeste;5287;Pequeno I;;
SPPiedade;353780;3537800;SP;Piedade;Região Sudeste;52143;Médio;;
SPPilar do Sul;353790;3537909;SP;Pilar do Sul;Região Sudeste;26406;Pequeno II;;
SPPindamonhangaba;353800;3538006;SP;Pindamonhangaba;Região Sudeste;146995;Grande;;
SPPindorama;353810;3538105;SP;Pindorama;Região Sudeste;15039;Pequeno I;;
SPPinhalzinho;353820;3538204;SP;Pinhalzinho;Região Sudeste;13105;Pequeno I;;
SPPiquerobi;353830;3538303;SP;Piquerobi;Região Sudeste;3537;Pequeno I;;
SPPiquete;353850;3538501;SP;Piquete;Região Sudeste;14107;Pequeno I;;
SPPiracaia;353860;3538600;SP;Piracaia;Região Sudeste;25116;Pequeno II;;
SPPiracicaba;353870;3538709;SP;Piracicaba;Região Sudeste;364571;Grande;;
SPPiraju;353880;3538808;SP;Piraju;Região Sudeste;28475;Pequeno II;;
SPPirajuí;353890;3538907;SP;Pirajuí;Região Sudeste;22704;Pequeno II;;
SPPirangi;353900;3539004;SP;Pirangi;Região Sudeste;10623;Pequeno I;;
SPPirapora do Bom Jesus;353910;3539103;SP;Pirapora do Bom Jesus;Região Sudeste;15733;Pequeno I;;
SPPirapozinho;353920;3539202;SP;Pirapozinho;Região Sudeste;24694;Pequeno II;;
SPPirassununga;353930;3539301;SP;Pirassununga;Região Sudeste;70081;Médio;;
SPPiratininga;353940;3539400;SP;Piratininga;Região Sudeste;12072;Pequeno I;;
SPPitangueiras;353950;3539509;SP;Pitangueiras;Região Sudeste;35307;Pequeno II;;
SPPlanalto;353960;3539608;SP;Planalto;Região Sudeste;4463;Pequeno I;;
SPPlatina;353970;3539707;SP;Platina;Região Sudeste;3192;Pequeno I;;
SPPoá;353980;3539806;SP;Poá;Região Sudeste;106013;Grande;;
SPPoloni;353990;3539905;SP;Poloni;Região Sudeste;5395;Pequeno I;;
SPPompéia;354000;3540002;SP;Pompéia;Região Sudeste;19964;Pequeno I;;
SPPongaí;354010;3540101;SP;Pongaí;Região Sudeste;3481;Pequeno I;;
SPPontal;354020;3540200;SP;Pontal;Região Sudeste;40244;Pequeno II;;
SPPontalinda;354025;3540259;SP;Pontalinda;Região Sudeste;4074;Pequeno I;;
SPPontes Gestal;354030;3540309;SP;Pontes Gestal;Região Sudeste;2518;Pequeno I;;
SPPopulina;354040;3540408;SP;Populina;Região Sudeste;4223;Pequeno I;;
SPPorangaba;354050;3540507;SP;Porangaba;Região Sudeste;8326;Pequeno I;;
SPPorto Feliz;354060;3540606;SP;Porto Feliz;Região Sudeste;48893;Pequeno II;;
SPPorto Ferreira;354070;3540705;SP;Porto Ferreira;Região Sudeste;51400;Médio;;
SPPotim;354075;3540754;SP;Potim;Região Sudeste;19397;Pequeno I;;
SPPotirendaba;354080;3540804;SP;Potirendaba;Região Sudeste;15449;Pequeno I;;
SPPracinha;354085;3540853;SP;Pracinha;Região Sudeste;2858;Pequeno I;;
SPPradópolis;354090;3540903;SP;Pradópolis;Região Sudeste;17377;Pequeno I;;
SPPraia Grande;354100;3541000;SP;Praia Grande;Região Sudeste;262051;Grande;;
SPPratânia;354105;3541059;SP;Pratânia;Região Sudeste;4599;Pequeno I;;
SPPresidente Alves;354110;3541109;SP;Presidente Alves;Região Sudeste;4123;Pequeno I;;
SPPresidente Bernardes;354120;3541208;SP;Presidente Bernardes;Região Sudeste;13570;Pequeno I;;
SPPresidente Epitácio;354130;3541307;SP;Presidente Epitácio;Região Sudeste;41318;Pequeno II;;
SPPresidente Prudente;354140;3541406;SP;Presidente Prudente;Região Sudeste;207610;Grande;;
SPPresidente Venceslau;354150;3541505;SP;Presidente Venceslau;Região Sudeste;37910;Pequeno II;;
SPPromissão;354160;3541604;SP;Promissão;Região Sudeste;35674;Pequeno II;;
SPQuadra;354165;3541653;SP;Quadra;Região Sudeste;3236;Pequeno I;;
SPQuatá;354170;3541703;SP;Quatá;Região Sudeste;12799;Pequeno I;;
SPQueiroz;354180;3541802;SP;Queiroz;Região Sudeste;2808;Pequeno I;;
SPQueluz;354190;3541901;SP;Queluz;Região Sudeste;11309;Pequeno I;;
SPQuintana;354200;3542008;SP;Quintana;Região Sudeste;6004;Pequeno I;;
SPRafard;354210;3542107;SP;Rafard;Região Sudeste;8612;Pequeno I;;
SPRancharia;354220;3542206;SP;Rancharia;Região Sudeste;28804;Pequeno II;;
SPRedenção da Serra;354230;3542305;SP;Redenção da Serra;Região Sudeste;3873;Pequeno I;;
SPRegente Feijó;354240;3542404;SP;Regente Feijó;Região Sudeste;18494;Pequeno I;;
SPReginópolis;354250;3542503;SP;Reginópolis;Região Sudeste;7323;Pequeno I;;
SPRegistro;354260;3542602;SP;Registro;Região Sudeste;54261;Médio;;
SPRestinga;354270;3542701;SP;Restinga;Região Sudeste;6587;Pequeno I;;
SPRibeira;354280;3542800;SP;Ribeira;Região Sudeste;3358;Pequeno I;;
SPRibeirão Bonito;354290;3542909;SP;Ribeirão Bonito;Região Sudeste;12135;Pequeno I;;
SPRibeirão Branco;354300;3543006;SP;Ribeirão Branco;Região Sudeste;18269;Pequeno I;;
SPRibeirão Corrente;354310;3543105;SP;Ribeirão Corrente;Região Sudeste;4273;Pequeno I;;
SPRibeirão do Sul;354320;3543204;SP;Ribeirão do Sul;Região Sudeste;4446;Pequeno I;;
SPRibeirão Dos Índios;354323;3543238;SP;Ribeirão Dos Índios;Região Sudeste;2187;Pequeno I;;
SPRibeirão Grande;354325;3543253;SP;Ribeirão Grande;Região Sudeste;7422;Pequeno I;;
SPRibeirão Pires;354330;3543303;SP;Ribeirão Pires;Região Sudeste;113068;Grande;;
SPRibeirão Preto;354340;3543402;SP;Ribeirão Preto;Região Sudeste;604682;Grande;;
SPRiversul;354350;3543501;SP;Riversul;Região Sudeste;6163;Pequeno I;;
SPRifaina;354360;3543600;SP;Rifaina;Região Sudeste;3436;Pequeno I;;
SPRincão;354370;3543709;SP;Rincão;Região Sudeste;10414;Pequeno I;;
SPRinópolis;354380;3543808;SP;Rinópolis;Região Sudeste;9935;Pequeno I;;
SPRio Claro;354390;3543907;SP;Rio Claro;Região Sudeste;186253;Grande;;
SPRio Das Pedras;354400;3544004;SP;Rio Das Pedras;Região Sudeste;29501;Pequeno II;;
SPRio Grande da Serra;354410;3544103;SP;Rio Grande da Serra;Região Sudeste;43974;Pequeno II;;
SPRiolândia;354420;3544202;SP;Riolândia;Região Sudeste;10575;Pequeno I;;
SPRosana;354425;3544251;SP;Rosana;Região Sudeste;19691;Pequeno I;;
SPRoseira;354430;3544301;SP;Roseira;Região Sudeste;9599;Pequeno I;;
SPRubiácea;354440;3544400;SP;Rubiácea;Região Sudeste;2729;Pequeno I;;
SPRubinéia;354450;3544509;SP;Rubinéia;Região Sudeste;2862;Pequeno I;;
SPSabino;354460;3544608;SP;Sabino;Região Sudeste;5217;Pequeno I;;
SPSagres;354470;3544707;SP;Sagres;Região Sudeste;2395;Pequeno I;;
SPSales;354480;3544806;SP;Sales;Região Sudeste;5451;Pequeno I;;
SPSales Oliveira;354490;3544905;SP;Sales Oliveira;Região Sudeste;10568;Pequeno I;;
SPSalesópolis;354500;3545001;SP;Salesópolis;Região Sudeste;15635;Pequeno I;;
SPSalmourão;354510;3545100;SP;Salmourão;Região Sudeste;4818;Pequeno I;;
SPSaltinho;354515;3545159;SP;Saltinho;Região Sudeste;7059;Pequeno I;;
SPSalto;354520;3545209;SP;Salto;Região Sudeste;105516;Grande;;
SPSalto de Pirapora;354530;3545308;SP;Salto de Pirapora;Região Sudeste;40132;Pequeno II;;
SPSalto Grande;354540;3545407;SP;Salto Grande;Região Sudeste;8787;Pequeno I;;
SPSandovalina;354550;3545506;SP;Sandovalina;Região Sudeste;3699;Pequeno I;;
SPSanta Adélia;354560;3545605;SP;Santa Adélia;Região Sudeste;14333;Pequeno I;;
SPSanta Albertina;354570;3545704;SP;Santa Albertina;Região Sudeste;5723;Pequeno I;;
SPSanta Bárbara D'oeste;354580;3545803;SP;Santa Bárbara D´oeste;Região Sudeste;180009;Grande;;
SPSanta Branca;354600;3546009;SP;Santa Branca;Região Sudeste;13763;Pequeno I;;
SPSanta Clara D'oeste;354610;3546108;SP;Santa Clara D´oeste;Região Sudeste;2084;Pequeno I;;
SPSanta Cruz da Conceição;354620;3546207;SP;Santa Cruz da Conceição;Região Sudeste;4002;Pequeno I;;
SPSanta Cruz da Esperança;354625;3546256;SP;Santa Cruz da Esperança;Região Sudeste;1953;Pequeno I;;
SPSanta Cruz Das Palmeiras;354630;3546306;SP;Santa Cruz Das Palmeiras;Região Sudeste;29932;Pequeno II;;
SPSanta Cruz do Rio Pardo;354640;3546405;SP;Santa Cruz do Rio Pardo;Região Sudeste;43921;Pequeno II;;
SPSanta Ernestina;354650;3546504;SP;Santa Ernestina;Região Sudeste;5568;Pequeno I;;
SPSanta fé do Sul;354660;3546603;SP;Santa fé do Sul;Região Sudeste;29239;Pequeno II;;
SPSanta Gertrudes;354670;3546702;SP;Santa Gertrudes;Região Sudeste;21634;Pequeno II;;
SPSanta Isabel;354680;3546801;SP;Santa Isabel;Região Sudeste;50453;Médio;;
SPSanta Lúcia;354690;3546900;SP;Santa Lúcia;Região Sudeste;8248;Pequeno I;;
SPSanta Maria da Serra;354700;3547007;SP;Santa Maria da Serra;Região Sudeste;5413;Pequeno I;;
SPSanta Mercedes;354710;3547106;SP;Santa Mercedes;Região Sudeste;2831;Pequeno I;;
SPSantana da Ponte Pensa;354720;3547205;SP;Santana da Ponte Pensa;Região Sudeste;1641;Pequeno I;;
SPSantana de Parnaíba;354730;3547304;SP;Santana de Parnaíba;Região Sudeste;108813;Grande;;
SPSanta Rita D'oeste;354740;3547403;SP;Santa Rita D´oeste;Região Sudeste;2543;Pequeno I;;
SPSanta Rita do Passa Quatro;354750;3547502;SP;Santa Rita do Passa Quatro;Região Sudeste;26478;Pequeno II;;
SPSanta Rosa de Viterbo;354760;3547601;SP;Santa Rosa de Viterbo;Região Sudeste;23862;Pequeno II;;
SPSanta Salete;354765;3547650;SP;Santa Salete;Região Sudeste;1447;Pequeno I;;
SPSanto Anastácio;354770;3547700;SP;Santo Anastácio;Região Sudeste;20475;Pequeno II;;
SPSanto André;354780;3547809;SP;Santo André;Região Sudeste;676407;Grande;;
SPSanto Antônio da Alegria;354790;3547908;SP;Santo Antônio da Alegria;Região Sudeste;6304;Pequeno I;;
SPSanto Antônio de Posse;354800;3548005;SP;Santo Antônio de Posse;Região Sudeste;20650;Pequeno II;;
SPSanto Antônio do Aracanguá;354805;3548054;SP;Santo Antônio do Aracanguá;Região Sudeste;7626;Pequeno I;;
SPSanto Antônio do Jardim;354810;3548104;SP;Santo Antônio do Jardim;Região Sudeste;5943;Pequeno I;;
SPSanto Antônio do Pinhal;354820;3548203;SP;Santo Antônio do Pinhal;Região Sudeste;6486;Pequeno I;;
SPSanto Expedito;354830;3548302;SP;Santo Expedito;Região Sudeste;2803;Pequeno I;;
SPSantópolis do Aguapeí;354840;3548401;SP;Santópolis do Aguapeí;Região Sudeste;4277;Pequeno I;;
SPSantos;354850;3548500;SP;Santos;Região Sudeste;419400;Grande;;
SPSão Bento do Sapucaí;354860;3548609;SP;São Bento do Sapucaí;Região Sudeste;10468;Pequeno I;;
SPSão Bernardo do Campo;354870;3548708;SP;São Bernardo do Campo;Região Sudeste;765463;Grande;;
SPSão Caetano do Sul;354880;3548807;SP;São Caetano do Sul;Região Sudeste;149263;Grande;;
SPSão Carlos;354890;3548906;SP;São Carlos;Região Sudeste;221950;Grande;;
SPSão Francisco;354900;3549003;SP;São Francisco;Região Sudeste;2793;Pequeno I;;
SPSão João da Boa Vista;354910;3549102;SP;São João da Boa Vista;Região Sudeste;83639;Médio;;
SPSão João Das Duas Pontes;354920;3549201;SP;São João Das Duas Pontes;Região Sudeste;2566;Pequeno I;;
SPSão João de Iracema;354925;3549250;SP;São João de Iracema;Região Sudeste;1780;Pequeno I;;
SPSão João do Pau D'alho;354930;3549300;SP;São João do Pau D´alho;Região Sudeste;2103;Pequeno I;;
SPSão Joaquim da Barra;354940;3549409;SP;São Joaquim da Barra;Região Sudeste;46512;Pequeno II;;
SPSão José da Bela Vista;354950;3549508;SP;São José da Bela Vista;Região Sudeste;8406;Pequeno I;;
SPSão José do Barreiro;354960;3549607;SP;São José do Barreiro;Região Sudeste;4077;Pequeno I;;
SPSão José do Rio Pardo;354970;3549706;SP;São José do Rio Pardo;Região Sudeste;51900;Médio;;
SPSão José do Rio Preto;354980;3549805;SP;São José do Rio Preto;Região Sudeste;408258;Grande;;
SPSão José Dos Campos;354990;3549904;SP;São José Dos Campos;Região Sudeste;629921;Grande;;
SPSão Lourenço da Serra;354995;3549953;SP;São Lourenço da Serra;Região Sudeste;13973;Pequeno I;;
SPSão Luís do Paraitinga;355000;3550001;SP;São Luís do Paraitinga;Região Sudeste;10397;Pequeno I;;
SPSão Manuel;355010;3550100;SP;São Manuel;Região Sudeste;38342;Pequeno II;;
SPSão Miguel Arcanjo;355020;3550209;SP;São Miguel Arcanjo;Região Sudeste;31450;Pequeno II;;
SPSão Paulo;355030;3550308;SP;São Paulo;Região Sudeste;11253503;Metrópole;Capital;
SPSão Pedro;355040;3550407;SP;São Pedro;Região Sudeste;31662;Pequeno II;;
SPSão Pedro do Turvo;355050;3550506;SP;São Pedro do Turvo;Região Sudeste;7198;Pequeno I;;
SPSão Roque;355060;3550605;SP;São Roque;Região Sudeste;78821;Médio;;
SPSão Sebastião;355070;3550704;SP;São Sebastião;Região Sudeste;73942;Médio;;
SPSão Sebastião da Grama;355080;3550803;SP;São Sebastião da Grama;Região Sudeste;12099;Pequeno I;;
SPSão Simão;355090;3550902;SP;São Simão;Região Sudeste;14346;Pequeno I;;
SPSão Vicente;355100;3551009;SP;São Vicente;Região Sudeste;332445;Grande;;
SPSarapuí;355110;3551108;SP;Sarapuí;Região Sudeste;9027;Pequeno I;;
SPSarutaiá;355120;3551207;SP;Sarutaiá;Região Sudeste;3622;Pequeno I;;
SPSebastianópolis do Sul;355130;3551306;SP;Sebastianópolis do Sul;Região Sudeste;3031;Pequeno I;;
SPSerra Azul;355140;3551405;SP;Serra Azul;Região Sudeste;11256;Pequeno I;;
SPSerrana;355150;3551504;SP;Serrana;Região Sudeste;38878;Pequeno II;;
SPSerra Negra;355160;3551603;SP;Serra Negra;Região Sudeste;26387;Pequeno II;;
SPSertãozinho;355170;3551702;SP;Sertãozinho;Região Sudeste;110074;Grande;;
SPSete Barras;355180;3551801;SP;Sete Barras;Região Sudeste;13005;Pequeno I;;
SPSeverínia;355190;3551900;SP;Severínia;Região Sudeste;15501;Pequeno I;;
SPSilveiras;355200;3552007;SP;Silveiras;Região Sudeste;5792;Pequeno I;;
SPSocorro;355210;3552106;SP;Socorro;Região Sudeste;36686;Pequeno II;;
SPSorocaba;355220;3552205;SP;Sorocaba;Região Sudeste;586625;Grande;;
SPSud Mennucci;355230;3552304;SP;Sud Mennucci;Região Sudeste;7435;Pequeno I;;
SPSumaré;355240;3552403;SP;Sumaré;Região Sudeste;241311;Grande;;
SPSuzano;355250;3552502;SP;Suzano;Região Sudeste;262480;Grande;;
SPSuzanápolis;355255;3552551;SP;Suzanápolis;Região Sudeste;3383;Pequeno I;;
SPTabapuã;355260;3552601;SP;Tabapuã;Região Sudeste;11363;Pequeno I;;
SPTabatinga;355270;3552700;SP;Tabatinga;Região Sudeste;14686;Pequeno I;;
SPTaboão da Serra;355280;3552809;SP;Taboão da Serra;Região Sudeste;244528;Grande;;
SPTaciba;355290;3552908;SP;Taciba;Região Sudeste;5714;Pequeno I;;
SPTaguaí;355300;3553005;SP;Taguaí;Região Sudeste;10828;Pequeno I;;
SPTaiaçu;355310;3553104;SP;Taiaçu;Região Sudeste;5894;Pequeno I;;
SPTaiúva;355320;3553203;SP;Taiúva;Região Sudeste;5447;Pequeno I;;
SPTambaú;355330;3553302;SP;Tambaú;Região Sudeste;22406;Pequeno II;;
SPTanabi;355340;3553401;SP;Tanabi;Região Sudeste;24055;Pequeno II;;
SPTapiraí;355350;3553500;SP;Tapiraí;Região Sudeste;8012;Pequeno I;;
SPTapiratiba;355360;3553609;SP;Tapiratiba;Região Sudeste;12737;Pequeno I;;
SPTaquaral;355365;3553658;SP;Taquaral;Região Sudeste;2726;Pequeno I;;
SPTaquaritinga;355370;3553708;SP;Taquaritinga;Região Sudeste;53988;Médio;;
SPTaquarituba;355380;3553807;SP;Taquarituba;Região Sudeste;22291;Pequeno II;;
SPTaquarivaí;355385;3553856;SP;Taquarivaí;Região Sudeste;5151;Pequeno I;;
SPTarabai;355390;3553906;SP;Tarabai;Região Sudeste;6607;Pequeno I;;
SPTarumã;355395;3553955;SP;Tarumã;Região Sudeste;12885;Pequeno I;;
SPTatuí;355400;3554003;SP;Tatuí;Região Sudeste;107326;Grande;;
SPTaubaté;355410;3554102;SP;Taubaté;Região Sudeste;278686;Grande;;
SPTejupá;355420;3554201;SP;Tejupá;Região Sudeste;4809;Pequeno I;;
SPTeodoro Sampaio;355430;3554300;SP;Teodoro Sampaio;Região Sudeste;21386;Pequeno II;;
SPTerra Roxa;355440;3554409;SP;Terra Roxa;Região Sudeste;8505;Pequeno I;;
SPTietê;355450;3554508;SP;Tietê;Região Sudeste;36835;Pequeno II;;
SPTimburi;355460;3554607;SP;Timburi;Região Sudeste;2646;Pequeno I;;
SPTorre de Pedra;355465;3554656;SP;Torre de Pedra;Região Sudeste;2254;Pequeno I;;
SPTorrinha;355470;3554706;SP;Torrinha;Região Sudeste;9330;Pequeno I;;
SPTrabiju;355475;3554755;SP;Trabiju;Região Sudeste;1544;Pequeno I;;
SPTremembé;355480;3554805;SP;Tremembé;Região Sudeste;40984;Pequeno II;;
SPTrês Fronteiras;355490;3554904;SP;Três Fronteiras;Região Sudeste;5427;Pequeno I;;
SPTuiuti;355495;3554953;SP;Tuiuti;Região Sudeste;5930;Pequeno I;;
SPTupã;355500;3555000;SP;Tupã;Região Sudeste;63476;Médio;;
SPTupi Paulista;355510;3555109;SP;Tupi Paulista;Região Sudeste;14269;Pequeno I;;
SPTuriúba;355520;3555208;SP;Turiúba;Região Sudeste;1930;Pequeno I;;
SPTurmalina;355530;3555307;SP;Turmalina;Região Sudeste;1978;Pequeno I;;
SPUbarana;355535;3555356;SP;Ubarana;Região Sudeste;5289;Pequeno I;;
SPUbatuba;355540;3555406;SP;Ubatuba;Região Sudeste;78801;Médio;;
SPUbirajara;355550;3555505;SP;Ubirajara;Região Sudeste;4427;Pequeno I;;
SPUchoa;355560;3555604;SP;Uchoa;Região Sudeste;9471;Pequeno I;;
SPUnião Paulista;355570;3555703;SP;União Paulista;Região Sudeste;1599;Pequeno I;;
SPUrânia;355580;3555802;SP;Urânia;Região Sudeste;8836;Pequeno I;;
SPUru;355590;3555901;SP;Uru;Região Sudeste;1251;Pequeno I;;
SPUrupês;355600;3556008;SP;Urupês;Região Sudeste;12714;Pequeno I;;
SPValentim Gentil;355610;3556107;SP;Valentim Gentil;Região Sudeste;11036;Pequeno I;;
SPValinhos;355620;3556206;SP;Valinhos;Região Sudeste;106793;Grande;;
SPValparaíso;355630;3556305;SP;Valparaíso;Região Sudeste;22576;Pequeno II;;
SPVargem;355635;3556354;SP;Vargem;Região Sudeste;8801;Pequeno I;;
SPVargem Grande do Sul;355640;3556404;SP;Vargem Grande do Sul;Região Sudeste;39266;Pequeno II;;
SPVargem Grande Paulista;355645;3556453;SP;Vargem Grande Paulista;Região Sudeste;42997;Pequeno II;;
SPVárzea Paulista;355650;3556503;SP;Várzea Paulista;Região Sudeste;107089;Grande;;
SPVera Cruz;355660;3556602;SP;Vera Cruz;Região Sudeste;10769;Pequeno I;;
SPVinhedo;355670;3556701;SP;Vinhedo;Região Sudeste;63611;Médio;;
SPViradouro;355680;3556800;SP;Viradouro;Região Sudeste;17297;Pequeno I;;
SPVista Alegre do Alto;355690;3556909;SP;Vista Alegre do Alto;Região Sudeste;6886;Pequeno I;;
SPVitória Brasil;355695;3556958;SP;Vitória Brasil;Região Sudeste;1737;Pequeno I;;
SPVotorantim;355700;3557006;SP;Votorantim;Região Sudeste;108809;Grande;;
SPVotuporanga;355710;3557105;SP;Votuporanga;Região Sudeste;84692;Médio;;
SPZacarias;355715;3557154;SP;Zacarias;Região Sudeste;2335;Pequeno I;;
SPChavantes;355720;3557204;SP;Chavantes;Região Sudeste;12114;Pequeno I;;
SPEstiva Gerbi;355730;3557303;SP;Estiva Gerbi;Região Sudeste;10044;Pequeno I;;